barcode,desc,acost,adate,ast_type,cat_type,est_life,locname,dept,status
CAS-0120-0008402300001   ,VERIPRICE PRICE VERIFIER                                    ,     23214.29,01/02/2024,STR. EQPT.          ,PRICE VERIFIER                                    ,         5,FIXRITE PANGLAO               ,FIXRITE PANGLAO-ADMIN                             ,FAACQ               
CAS-0120-0008402300002   ,VERIPRICE PRICE VERIFIER                                    ,     23214.29,01/02/2024,STR. EQPT.          ,PRICE VERIFIER                                    ,         5,FIXRITE PANGLAO               ,FIXRITE PANGLAO-ADMIN                             ,FAACQ               
CAS-0120-0008402300003   ,VERIPRICE PRICE VERIFIER                                    ,     23214.29,01/02/2024,STR. EQPT.          ,PRICE VERIFIER                                    ,         5,FIXRITE PANGLAO               ,FIXRITE PANGLAO-ADMIN                             ,FAACQ               
CAS-0120-0007794200001   ,MICROSOFT 365 BUSINESS STANDARD                             ,      6696.43,01/02/2024,OFF. EQPT.          ,SOFTWARE                                          ,         3,FIXRITE PANGLAO               ,FIXRITE PANGLAO-INFORMATION TECHNOLOGY            ,FAACQ               
CAS-0120-0007794200002   ,MICROSOFT 365 BUSINESS STANDARD                             ,      6696.43,01/02/2024,OFF. EQPT.          ,SOFTWARE                                          ,         3,FIXRITE PANGLAO               ,FIXRITE PANGLAO-INFORMATION TECHNOLOGY            ,FAACQ               
CAS-0120-0007794200003   ,MICROSOFT 365 BUSINESS STANDARD                             ,      6696.43,01/02/2024,OFF. EQPT.          ,SOFTWARE                                          ,         3,FIXRITE PANGLAO               ,FIXRITE PANGLAO-INFORMATION TECHNOLOGY            ,FAACQ               
CAS-0120-0007794200004   ,MICROSOFT 365 BUSINESS STANDARD                             ,      6696.43,01/02/2024,OFF. EQPT.          ,SOFTWARE                                          ,         3,FIXRITE PANGLAO               ,FIXRITE PANGLAO-INFORMATION TECHNOLOGY            ,FAACQ               
CAS-0120-0007794200005   ,MICROSOFT 365 BUSINESS STANDARD                             ,      6696.43,01/02/2024,OFF. EQPT.          ,SOFTWARE                                          ,         3,FIXRITE PANGLAO               ,FIXRITE PANGLAO-INFORMATION TECHNOLOGY            ,FAACQ               
CAS-0120-0007794200006   ,MICROSOFT 365 BUSINESS STANDARD                             ,      6696.43,01/02/2024,OFF. EQPT.          ,SOFTWARE                                          ,         3,FIXRITE PANGLAO               ,FIXRITE PANGLAO-INFORMATION TECHNOLOGY            ,FAACQ               
CAS-0120-0007794200007   ,MICROSOFT 365 BUSINESS STANDARD                             ,      6696.43,01/02/2024,OFF. EQPT.          ,SOFTWARE                                          ,         3,FIXRITE PANGLAO               ,FIXRITE PANGLAO-INFORMATION TECHNOLOGY            ,FAACQ               
CAS-0120-0007794200008   ,MICROSOFT 365 BUSINESS STANDARD                             ,      6696.43,01/02/2024,OFF. EQPT.          ,SOFTWARE                                          ,         3,FIXRITE PANGLAO               ,FIXRITE PANGLAO-INFORMATION TECHNOLOGY            ,FAACQ               
CAS-0120-0007794200009   ,MICROSOFT 365 BUSINESS STANDARD                             ,      6696.43,01/02/2024,OFF. EQPT.          ,SOFTWARE                                          ,         3,FIXRITE PANGLAO               ,FIXRITE PANGLAO-INFORMATION TECHNOLOGY            ,FAACQ               
CAS-0120-0007794200010   ,MICROSOFT 365 BUSINESS STANDARD                             ,      6696.43,01/02/2024,OFF. EQPT.          ,SOFTWARE                                          ,         3,FIXRITE PANGLAO               ,FIXRITE PANGLAO-INFORMATION TECHNOLOGY            ,FAACQ               
CAS-0120-0009084000001   ,ZYCOO IP PHONE UNIT/COOFONE K2P                             ,      2678.57,01/11/2024,OFF. EQPT.          ,TELEPHONE                                         ,         3,FIXRITE PANGLAO               ,FIXRITE PANGLAO-ADMIN                             ,FAACQ               
CAS-0120-0009084000002   ,ZYCOO IP PHONE UNIT/COOFONE K2P                             ,      2678.57,01/11/2024,OFF. EQPT.          ,TELEPHONE                                         ,         3,FIXRITE PANGLAO               ,FIXRITE PANGLAO-ADMIN                             ,FAACQ               
CAS-0120-0009084000003   ,ZYCOO IP PHONE UNIT/COOFONE K2P                             ,      2678.57,01/11/2024,OFF. EQPT.          ,TELEPHONE                                         ,         3,FIXRITE PANGLAO               ,FIXRITE PANGLAO-ADMIN                             ,FAACQ               
CAS-0120-0009084000004   ,ZYCOO IP PHONE UNIT/COOFONE K2P                             ,      2678.57,01/11/2024,OFF. EQPT.          ,TELEPHONE                                         ,         3,FIXRITE PANGLAO               ,FIXRITE PANGLAO-ADMIN                             ,FAACQ               
CAS-0120-0009084000005   ,ZYCOO IP PHONE UNIT/COOFONE K2P                             ,      2678.57,01/11/2024,OFF. EQPT.          ,TELEPHONE                                         ,         3,FIXRITE PANGLAO               ,FIXRITE PANGLAO-ADMIN                             ,FAACQ               
CAS-0120-0009084000006   ,ZYCOO IP PHONE UNIT/COOFONE K2P                             ,      2678.57,01/11/2024,OFF. EQPT.          ,TELEPHONE                                         ,         3,FIXRITE PANGLAO               ,FIXRITE PANGLAO-ADMIN                             ,FAACQ               
CAS-0120-0009084000007   ,ZYCOO IP PHONE UNIT/COOFONE K2P                             ,      2678.57,01/11/2024,OFF. EQPT.          ,TELEPHONE                                         ,         3,FIXRITE PANGLAO               ,FIXRITE PANGLAO-ADMIN                             ,FAACQ               
CAS-0120-0009084000008   ,ZYCOO IP PHONE UNIT/COOFONE K2P                             ,      2678.57,01/11/2024,OFF. EQPT.          ,TELEPHONE                                         ,         3,FIXRITE PANGLAO               ,FIXRITE PANGLAO-ADMIN                             ,FAACQ               
CAS-0120-0009084000009   ,ZYCOO IP PHONE UNIT/COOFONE K2P                             ,      2678.57,01/11/2024,OFF. EQPT.          ,TELEPHONE                                         ,         3,FIXRITE PANGLAO               ,FIXRITE PANGLAO-ADMIN                             ,FAACQ               
CAS-0120-0009084000010   ,ZYCOO IP PHONE UNIT/COOFONE K2P                             ,      2678.57,01/11/2024,OFF. EQPT.          ,TELEPHONE                                         ,         3,FIXRITE PANGLAO               ,FIXRITE PANGLAO-ADMIN                             ,FAACQ               
CAS-0120-0009088600001   ,PALLET TRANSPORTER 2.5 TONS                                 ,    449642.86,04/06/2026,FUR. & FIXT.        ,PALLET                                            ,         4,FIXRITE PANGLAO               ,FIXRITE PANGLAO-ADMIN                             ,FAACQ               
CAS-0120-0009088800001   ,BRAND NEW POWER MF15-45 REACH TRUCK UNIT                    ,   1286285.71,04/06/2026,MACH. & EQPT.       ,PALLET TRUCK                                      ,         4,FIXRITE PANGLAO               ,FIXRITE PANGLAO-ADMIN                             ,FAACQ               
FAD-0120-0009819400001   ,FUJIDENZO CFRZR  IFC-20 ADF2                                ,     34733.93,04/06/2026,STR. EQPT.          ,FREEZER/CHILLER                                   ,         5,FIXRITE PANGLAO               ,FIXRITE PANGLAO-ADMIN                             ,FAACQ               
FAD-0120-0009819400002   ,FUJIDENZO CFRZR  IFC-20 ADF2                                ,     34733.93,04/06/2026,STR. EQPT.          ,FREEZER/CHILLER                                   ,         5,FIXRITE PANGLAO               ,FIXRITE PANGLAO-ADMIN                             ,FAACQ               
FAD-0120-0009819400003   ,FUJIDENZO CFRZR  IFC-20 ADF2                                ,     34733.93,04/06/2026,STR. EQPT.          ,FREEZER/CHILLER                                   ,         5,FIXRITE PANGLAO               ,FIXRITE PANGLAO-ADMIN                             ,FAACQ               
FAD-0120-0009819400004   ,FUJIDENZO CFRZR  IFC-20 ADF2                                ,     34733.93,04/06/2026,STR. EQPT.          ,FREEZER/CHILLER                                   ,         5,FIXRITE PANGLAO               ,FIXRITE PANGLAO-ADMIN                             ,FAACQ               
FAD-0120-0007579900001   ,ISLAND FREEZER KREA 220                                     ,     79692.59,04/06/2026,STR. EQPT.          ,FREEZER/CHILLER                                   ,         5,FIXRITE PANGLAO               ,FIXRITE PANGLAO-ADMIN                             ,FAACQ               
FAD-0120-0007579900002   ,ISLAND FREEZER KREA 220                                     ,     79692.59,04/06/2026,STR. EQPT.          ,FREEZER/CHILLER                                   ,         5,FIXRITE PANGLAO               ,FIXRITE PANGLAO-ADMIN                             ,FAACQ               
FAD-0120-0007579900003   ,ISLAND FREEZER KREA 220                                     ,     79692.59,04/06/2026,STR. EQPT.          ,FREEZER/CHILLER                                   ,         5,FIXRITE PANGLAO               ,FIXRITE PANGLAO-ADMIN                             ,FAACQ               
FAD-0120-0007579900004   ,ISLAND FREEZER KREA 220                                     ,     79692.59,04/06/2026,STR. EQPT.          ,FREEZER/CHILLER                                   ,         5,FIXRITE PANGLAO               ,FIXRITE PANGLAO-ADMIN                             ,FAACQ               
FAD-0120-0007579900005   ,ISLAND FREEZER KREA 220                                     ,     79692.59,04/06/2026,STR. EQPT.          ,FREEZER/CHILLER                                   ,         5,FIXRITE PANGLAO               ,FIXRITE PANGLAO-ADMIN                             ,FAACQ               
FAD-0120-0007579900006   ,ISLAND FREEZER KREA 220                                     ,     79692.59,04/06/2026,STR. EQPT.          ,FREEZER/CHILLER                                   ,         5,FIXRITE PANGLAO               ,FIXRITE PANGLAO-ADMIN                             ,FAACQ               
FAD-0120-0009218900001   ,UPRIGHT GLASS DOOR FREEZER- 2 DOOR                          ,    153254.97,04/06/2026,STR. EQPT.          ,FREEZER/CHILLER                                   ,         5,FIXRITE PANGLAO               ,FIXRITE PANGLAO-ADMIN                             ,FAACQ               
FAD-0120-0009218900002   ,UPRIGHT GLASS DOOR FREEZER- 2 DOOR                          ,    153254.97,04/06/2026,STR. EQPT.          ,FREEZER/CHILLER                                   ,         5,FIXRITE PANGLAO               ,FIXRITE PANGLAO-ADMIN                             ,FAACQ               
FAD-0120-0009218900003   ,UPRIGHT GLASS DOOR FREEZER- 2 DOOR                          ,    153254.97,04/06/2026,STR. EQPT.          ,FREEZER/CHILLER                                   ,         5,FIXRITE PANGLAO               ,FIXRITE PANGLAO-ADMIN                             ,FAACQ               
FAD-0120-0009218900004   ,UPRIGHT GLASS DOOR FREEZER- 2 DOOR                          ,    153254.97,04/06/2026,STR. EQPT.          ,FREEZER/CHILLER                                   ,         5,FIXRITE PANGLAO               ,FIXRITE PANGLAO-ADMIN                             ,FAACQ               
FAD-0120-0009218900005   ,UPRIGHT GLASS DOOR FREEZER- 2 DOOR                          ,    153254.97,04/06/2026,STR. EQPT.          ,FREEZER/CHILLER                                   ,         5,FIXRITE PANGLAO               ,FIXRITE PANGLAO-ADMIN                             ,FAACQ               
FAD-0120-0009218900006   ,UPRIGHT GLASS DOOR FREEZER- 2 DOOR                          ,    153254.97,04/06/2026,STR. EQPT.          ,FREEZER/CHILLER                                   ,         5,FIXRITE PANGLAO               ,FIXRITE PANGLAO-ADMIN                             ,FAACQ               
FAD-0120-0009218900007   ,UPRIGHT GLASS DOOR FREEZER- 2 DOOR                          ,    153254.97,04/06/2026,STR. EQPT.          ,FREEZER/CHILLER                                   ,         5,FIXRITE PANGLAO               ,FIXRITE PANGLAO-ADMIN                             ,FAACQ               
FAD-0120-0009218900008   ,UPRIGHT GLASS DOOR FREEZER- 2 DOOR                          ,    153254.97,04/06/2026,STR. EQPT.          ,FREEZER/CHILLER                                   ,         5,FIXRITE PANGLAO               ,FIXRITE PANGLAO-ADMIN                             ,FAACQ               
FAD-0120-0009218900009   ,UPRIGHT GLASS DOOR FREEZER- 2 DOOR                          ,    153254.97,04/06/2026,STR. EQPT.          ,FREEZER/CHILLER                                   ,         5,FIXRITE PANGLAO               ,FIXRITE PANGLAO-ADMIN                             ,FAACQ               
FAD-0120-0009218900010   ,UPRIGHT GLASS DOOR FREEZER- 2 DOOR                          ,    153254.97,04/06/2026,STR. EQPT.          ,FREEZER/CHILLER                                   ,         5,FIXRITE PANGLAO               ,FIXRITE PANGLAO-ADMIN                             ,FAACQ               
FAD-0120-0009218900011   ,UPRIGHT GLASS DOOR FREEZER- 2 DOOR                          ,    153254.97,04/06/2026,STR. EQPT.          ,FREEZER/CHILLER                                   ,         5,FIXRITE PANGLAO               ,FIXRITE PANGLAO-ADMIN                             ,FAACQ               
FAD-0120-0009218900012   ,UPRIGHT GLASS DOOR FREEZER- 2 DOOR                          ,    153254.97,04/06/2026,STR. EQPT.          ,FREEZER/CHILLER                                   ,         5,FIXRITE PANGLAO               ,FIXRITE PANGLAO-ADMIN                             ,FAACQ               
FAD-0120-0009219100001   ,1-DOOR UPRIGHT CHILLER (CHINA BRAND)                        ,     34482.37,04/06/2026,STR. EQPT.          ,FREEZER/CHILLER                                   ,         5,FIXRITE PANGLAO               ,FIXRITE PANGLAO-ADMIN                             ,FAACQ               
FAD-0120-0009219100002   ,1-DOOR UPRIGHT CHILLER (CHINA BRAND)                        ,     34482.37,04/06/2026,STR. EQPT.          ,FREEZER/CHILLER                                   ,         5,FIXRITE PANGLAO               ,FIXRITE PANGLAO-ADMIN                             ,FAACQ               
FAD-0120-0009219100003   ,1-DOOR UPRIGHT CHILLER (CHINA BRAND)                        ,     34482.37,04/06/2026,STR. EQPT.          ,FREEZER/CHILLER                                   ,         5,FIXRITE PANGLAO               ,FIXRITE PANGLAO-ADMIN                             ,FAACQ               
FAD-0120-0009219100004   ,1-DOOR UPRIGHT CHILLER (CHINA BRAND)                        ,     34482.37,04/06/2026,STR. EQPT.          ,FREEZER/CHILLER                                   ,         5,FIXRITE PANGLAO               ,FIXRITE PANGLAO-ADMIN                             ,FAACQ               
FAD-0120-0009219100005   ,1-DOOR UPRIGHT CHILLER (CHINA BRAND)                        ,     34482.37,04/06/2026,STR. EQPT.          ,FREEZER/CHILLER                                   ,         5,FIXRITE PANGLAO               ,FIXRITE PANGLAO-ADMIN                             ,FAACQ               
FAD-0120-0009219100006   ,1-DOOR UPRIGHT CHILLER (CHINA BRAND)                        ,     34482.37,04/06/2026,STR. EQPT.          ,FREEZER/CHILLER                                   ,         5,FIXRITE PANGLAO               ,FIXRITE PANGLAO-ADMIN                             ,FAACQ               
FAD-0120-0009219100007   ,1-DOOR UPRIGHT CHILLER (CHINA BRAND)                        ,     34482.37,04/06/2026,STR. EQPT.          ,FREEZER/CHILLER                                   ,         5,FIXRITE PANGLAO               ,FIXRITE PANGLAO-ADMIN                             ,FAACQ               
FAD-0120-0009219100008   ,1-DOOR UPRIGHT CHILLER (CHINA BRAND)                        ,     34482.37,04/06/2026,STR. EQPT.          ,FREEZER/CHILLER                                   ,         5,FIXRITE PANGLAO               ,FIXRITE PANGLAO-ADMIN                             ,FAACQ               
FAD-0120-0009219100009   ,1-DOOR UPRIGHT CHILLER (CHINA BRAND)                        ,     34482.37,04/06/2026,STR. EQPT.          ,FREEZER/CHILLER                                   ,         5,FIXRITE PANGLAO               ,FIXRITE PANGLAO-ADMIN                             ,FAACQ               
FAD-0120-0009219100010   ,1-DOOR UPRIGHT CHILLER (CHINA BRAND)                        ,     34482.37,04/06/2026,STR. EQPT.          ,FREEZER/CHILLER                                   ,         5,FIXRITE PANGLAO               ,FIXRITE PANGLAO-ADMIN                             ,FAACQ               
FAD-0120-0009219100011   ,1-DOOR UPRIGHT CHILLER (CHINA BRAND)                        ,     34482.37,04/06/2026,STR. EQPT.          ,FREEZER/CHILLER                                   ,         5,FIXRITE PANGLAO               ,FIXRITE PANGLAO-ADMIN                             ,FAACQ               
FAD-0120-0009219100012   ,1-DOOR UPRIGHT CHILLER (CHINA BRAND)                        ,     34482.37,04/06/2026,STR. EQPT.          ,FREEZER/CHILLER                                   ,         5,FIXRITE PANGLAO               ,FIXRITE PANGLAO-ADMIN                             ,FAACQ               
FAD-0120-0009219100013   ,1-DOOR UPRIGHT CHILLER (CHINA BRAND)                        ,     34482.37,04/06/2026,STR. EQPT.          ,FREEZER/CHILLER                                   ,         5,FIXRITE PANGLAO               ,FIXRITE PANGLAO-ADMIN                             ,FAACQ               
FAD-0120-0009219100014   ,1-DOOR UPRIGHT CHILLER (CHINA BRAND)                        ,     34482.37,04/06/2026,STR. EQPT.          ,FREEZER/CHILLER                                   ,         5,FIXRITE PANGLAO               ,FIXRITE PANGLAO-ADMIN                             ,FAACQ               
FAD-0120-0009219100015   ,1-DOOR UPRIGHT CHILLER (CHINA BRAND)                        ,     34482.37,04/06/2026,STR. EQPT.          ,FREEZER/CHILLER                                   ,         5,FIXRITE PANGLAO               ,FIXRITE PANGLAO-ADMIN                             ,FAACQ               
FAD-0120-0009219100016   ,1-DOOR UPRIGHT CHILLER (CHINA BRAND)                        ,     34482.37,04/06/2026,STR. EQPT.          ,FREEZER/CHILLER                                   ,         5,FIXRITE PANGLAO               ,FIXRITE PANGLAO-ADMIN                             ,FAACQ               
FAD-0120-0009221400001   ,ISLAND FREEZER KREA 190                                     ,     78926.31,04/06/2026,STR. EQPT.          ,FREEZER/CHILLER                                   ,         5,FIXRITE PANGLAO               ,FIXRITE PANGLAO-ADMIN                             ,FAACQ               
FAD-0120-0009221400002   ,ISLAND FREEZER KREA 190                                     ,     78926.31,04/06/2026,STR. EQPT.          ,FREEZER/CHILLER                                   ,         5,FIXRITE PANGLAO               ,FIXRITE PANGLAO-ADMIN                             ,FAACQ               
FAD-0120-0009219300001   ,MULTIDECK CHILLER- CLOSED TYPE                              ,    250000.00,03/28/2024,STR. EQPT.          ,CHILLER                                           ,        10,FIXRITE PANGLAO               ,FIXRITE PANGLAO-ADMIN                             ,FAACQ               
FAD-0120-0009219300002   ,MULTIDECK CHILLER- CLOSED TYPE                              ,    250000.00,03/28/2024,STR. EQPT.          ,CHILLER                                           ,        10,FIXRITE PANGLAO               ,FIXRITE PANGLAO-ADMIN                             ,FAACQ               
FAD-0120-0009903000001   ,CARRIER A/C 53CFM ASC STD 4HP                               ,     79998.21,06/09/2024,MACH. & EQPT.       ,AIRCON                                            ,         5,FIXRITE PANGLAO               ,FIXRITE PANGLAO-INFORMATION TECHNOLOGY            ,FAACQ               
FAD-0120-0009903100001   ,CARRIER A/C FP53CEP012308 1.5                               ,     40176.79,06/09/2024,MACH. & EQPT.       ,AIRCON                                            ,         5,FIXRITE PANGLAO               ,FIXRITE PANGLAO-INFORMATION TECHNOLOGY            ,FAACQ               
FAD-0120-0009848200001   ,FREEZER GONDOLA-ALTURAS PANGLAO                             ,    131696.44,07/01/2024,FUR. & FIXT.        ,GONDOLA                                           ,        10,FIXRITE PANGLAO               ,FIXRITE PANGLAO-ADMIN                             ,FAACQ               
FAD-0120-0002273400001   ,METTLER TOLEDO LABEL PRINTING SCALE                         ,     65178.57,07/01/2024,STR. EQPT.          ,WEIGHING SCALE                                    ,         3,FIXRITE PANGLAO               ,FIXRITE PANGLAO-ADMIN                             ,FAACQ               
FAD-0120-0010025200001   ,KOLIN AIR CRTN KAC-36TCRM                                   ,     12766.07,07/01/2024,OFF. EQPT.          ,AIR CURTAIN                                       ,         3,FIXRITE PANGLAO               ,FIXRITE PANGLAO-ADMIN                             ,FAACQ               
FAD-0120-0010025200002   ,KOLIN AIR CRTN KAC-36TCRM                                   ,     12766.07,07/01/2024,OFF. EQPT.          ,AIR CURTAIN                                       ,         3,FIXRITE PANGLAO               ,FIXRITE PANGLAO-ADMIN                             ,FAACQ               
FAD-0120-0010240000001   ,GLORY GFS-220 VALUE COUNTER                                 ,    160714.29,07/29/2024,MACH. & EQPT.       ,COUNTER                                           ,         3,FIXRITE PANGLAO               ,FIXRITE PANGLAO-ADMIN                             ,FAACQ               
FAD-0120-0010235800001   ,NFS-WEIGHING SCALE HAUSMANN                                 ,      4732.14,08/12/2024,STR. EQPT.          ,SCALE                                             ,         2,FIXRITE PANGLAO               ,FIXRITE PANGLAO-ADMIN                             ,FAACQ               
FAD-0120-0010153500001   ,ISLAND MODULE SET - 2 SETS                                  ,     68614.05,10/01/2024,FUR. & FIXT.        ,MODULE                                            ,         5,FIXRITE PANGLAO               ,FIXRITE PANGLAO-ADMIN                             ,FAACQ               
FAD-0120-0010153600001   ,WALL MODULE SET - 1 SET                                     ,     23350.24,10/01/2024,FUR. & FIXT.        ,MODULE                                            ,         5,FIXRITE PANGLAO               ,FIXRITE PANGLAO-ADMIN                             ,FAACQ               
FAD-0120-0010204800001   ,FLUKE 62 MAX INDUSTRIAL INFRARED THERMOMETER                ,     14652.00,11/22/2024,STR. EQPT.          ,THERMOMETER                                       ,         3,FIXRITE PANGLAO               ,FIXRITE PANGLAO-ENGINEERING                       ,FAACQ               
FAD-0120-0010787800001   ,DEVELOP INEO 225I                                           ,     88392.86,11/20/2024,OFF. EQPT.          ,PHOTOCOPIER                                       ,         3,FIXRITE PANGLAO               ,FIXRITE PANGLAO-ADMIN                             ,FAACQ               
FAD-0120-0004785400001   ,LAMINATING MACHINE HUALIAN                                  ,      7142.86,01/01/2025,STR. EQPT.          ,LAMINATING MACHINE                                ,         3,FIXRITE PANGLAO               ,FIXRITE PANGLAO-ADMIN                             ,FAACQ               
FAD-0120-0006190100001   ,MOBILE PEDESTAL (FLUSH HANDLE)                              ,      3441.96,01/01/2025,FUR. & FIXT.        ,CABINET-STEEL                                     ,        10,FIXRITE PANGLAO               ,FIXRITE PANGLAO-ADMIN                             ,FAACQ               
FAD-0120-0006190100002   ,MOBILE PEDESTAL (FLUSH HANDLE)                              ,      3441.96,01/01/2025,FUR. & FIXT.        ,CABINET-STEEL                                     ,        10,FIXRITE PANGLAO               ,FIXRITE PANGLAO-ADMIN                             ,FAACQ               
FAD-0120-0006190100003   ,MOBILE PEDESTAL (FLUSH HANDLE)                              ,      3441.96,01/01/2025,FUR. & FIXT.        ,CABINET-STEEL                                     ,        10,FIXRITE PANGLAO               ,FIXRITE PANGLAO-ADMIN                             ,FAACQ               
FAD-0120-0006190100004   ,MOBILE PEDESTAL (FLUSH HANDLE)                              ,      3441.96,01/01/2025,FUR. & FIXT.        ,CABINET-STEEL                                     ,        10,FIXRITE PANGLAO               ,FIXRITE PANGLAO-ADMIN                             ,FAACQ               
FAD-0120-0010955500001   ,HFC 236FA 10LBS PORTABLE                                    ,      7566.96,12/27/2024,STR. EQPT.          ,FIRE EXTINGUISHER                                 ,         3,FIXRITE PANGLAO               ,FIXRITE PANGLAO-SECURITY & SAFETY DEPT.           ,FAACQ               
FAD-0120-0010955500002   ,HFC 236FA 10LBS PORTABLE                                    ,      7566.96,12/27/2024,STR. EQPT.          ,FIRE EXTINGUISHER                                 ,         3,FIXRITE PANGLAO               ,FIXRITE PANGLAO-SECURITY & SAFETY DEPT.           ,FAACQ               
FAD-0120-0010955500003   ,HFC 236FA 10LBS PORTABLE                                    ,      7566.96,12/27/2024,STR. EQPT.          ,FIRE EXTINGUISHER                                 ,         3,FIXRITE PANGLAO               ,FIXRITE PANGLAO-SECURITY & SAFETY DEPT.           ,FAACQ               
FAD-0120-0010955500004   ,HFC 236FA 10LBS PORTABLE                                    ,      7566.96,12/27/2024,STR. EQPT.          ,FIRE EXTINGUISHER                                 ,         3,FIXRITE PANGLAO               ,FIXRITE PANGLAO-SECURITY & SAFETY DEPT.           ,FAACQ               
FAD-0120-0010955500005   ,HFC 236FA 10LBS PORTABLE                                    ,      7566.96,12/27/2024,STR. EQPT.          ,FIRE EXTINGUISHER                                 ,         3,FIXRITE PANGLAO               ,FIXRITE PANGLAO-SECURITY & SAFETY DEPT.           ,FAACQ               
FAD-0120-0010955500006   ,HFC 236FA 10LBS PORTABLE                                    ,      7566.96,12/27/2024,STR. EQPT.          ,FIRE EXTINGUISHER                                 ,         3,FIXRITE PANGLAO               ,FIXRITE PANGLAO-SECURITY & SAFETY DEPT.           ,FAACQ               
FAD-0120-0010955500007   ,HFC 236FA 10LBS PORTABLE                                    ,      7566.96,12/27/2024,STR. EQPT.          ,FIRE EXTINGUISHER                                 ,         3,FIXRITE PANGLAO               ,FIXRITE PANGLAO-SECURITY & SAFETY DEPT.           ,FAACQ               
FAD-0120-0010955500008   ,HFC 236FA 10LBS PORTABLE                                    ,      7566.96,12/27/2024,STR. EQPT.          ,FIRE EXTINGUISHER                                 ,         3,FIXRITE PANGLAO               ,FIXRITE PANGLAO-SECURITY & SAFETY DEPT.           ,FAACQ               
FAD-0120-0010955500009   ,HFC 236FA 10LBS PORTABLE                                    ,      7566.96,12/27/2024,STR. EQPT.          ,FIRE EXTINGUISHER                                 ,         3,FIXRITE PANGLAO               ,FIXRITE PANGLAO-SECURITY & SAFETY DEPT.           ,FAACQ               
FAD-0120-0010955500010   ,HFC 236FA 10LBS PORTABLE                                    ,      7566.96,12/27/2024,STR. EQPT.          ,FIRE EXTINGUISHER                                 ,         3,FIXRITE PANGLAO               ,FIXRITE PANGLAO-SECURITY & SAFETY DEPT.           ,FAACQ               
FAD-0120-0010955500011   ,HFC 236FA 10LBS PORTABLE                                    ,      7566.96,12/27/2024,STR. EQPT.          ,FIRE EXTINGUISHER                                 ,         3,FIXRITE PANGLAO               ,FIXRITE PANGLAO-SECURITY & SAFETY DEPT.           ,FAACQ               
FAD-0120-0010955500012   ,HFC 236FA 10LBS PORTABLE                                    ,      7566.96,12/27/2024,STR. EQPT.          ,FIRE EXTINGUISHER                                 ,         3,FIXRITE PANGLAO               ,FIXRITE PANGLAO-SECURITY & SAFETY DEPT.           ,FAACQ               
FAD-0120-0010955500013   ,HFC 236FA 10LBS PORTABLE                                    ,      7566.96,12/27/2024,STR. EQPT.          ,FIRE EXTINGUISHER                                 ,         3,FIXRITE PANGLAO               ,FIXRITE PANGLAO-SECURITY & SAFETY DEPT.           ,FAACQ               
FAD-0120-0010955600001   ,ITEM NAME: DRY CHEMICAL50KG WHEEL MOUNTED                   ,      9192.86,12/27/2024,STR. EQPT.          ,FIRE EXTINGUISHER                                 ,         3,FIXRITE PANGLAO               ,FIXRITE PANGLAO-SECURITY & SAFETY DEPT.           ,FAACQ               
FAD-0120-0010955600002   ,ITEM NAME: DRY CHEMICAL50KG WHEEL MOUNTED                   ,      9192.86,12/27/2024,STR. EQPT.          ,FIRE EXTINGUISHER                                 ,         3,FIXRITE PANGLAO               ,FIXRITE PANGLAO-SECURITY & SAFETY DEPT.           ,FAACQ               
FAD-0120-0010955600003   ,ITEM NAME: DRY CHEMICAL50KG WHEEL MOUNTED                   ,      9192.86,12/27/2024,STR. EQPT.          ,FIRE EXTINGUISHER                                 ,         3,FIXRITE PANGLAO               ,FIXRITE PANGLAO-SECURITY & SAFETY DEPT.           ,FAACQ               
FAD-0120-0010955600004   ,ITEM NAME: DRY CHEMICAL50KG WHEEL MOUNTED                   ,      9192.86,12/27/2024,STR. EQPT.          ,FIRE EXTINGUISHER                                 ,         3,FIXRITE PANGLAO               ,FIXRITE PANGLAO-SECURITY & SAFETY DEPT.           ,FAACQ               
FAD-0120-0010955600005   ,ITEM NAME: DRY CHEMICAL50KG WHEEL MOUNTED                   ,      9192.86,12/27/2024,STR. EQPT.          ,FIRE EXTINGUISHER                                 ,         3,FIXRITE PANGLAO               ,FIXRITE PANGLAO-SECURITY & SAFETY DEPT.           ,FAACQ               
FAD-0120-0011259100001   ,DATA CABINET 1.5FT WITH FAN PREMIUM LINE                    ,      8500.00,03/05/2025,OFF. EQPT.          ,OTHERS                                            ,         3,FIXRITE PANGLAO               ,FIXRITE PANGLAO-ADMIN                             ,FAACQ               
FAD-0120-0011259400001   ,HIKVISION 24 PORTS POE SWITCH (DS-3E0528HP-E)               ,     19500.00,03/05/2025,OFF. EQPT.          ,SWITCH                                            ,         3,FIXRITE PANGLAO               ,FIXRITE PANGLAO-ADMIN                             ,FAACQ               
FAD-0120-0011317000001   ,HIK VISION BULLET IP CAMERA 4MP MM (HWI-BI40)               ,      2800.00,03/05/2025,STR. EQPT.          ,CAMERA                                            ,         3,FIXRITE PANGLAO               ,FIXRITE PANGLAO-ADMIN                             ,FAACQ               
FAD-0120-0011317000002   ,HIK VISION BULLET IP CAMERA 4MP MM (HWI-BI40)               ,      2800.00,03/05/2025,STR. EQPT.          ,CAMERA                                            ,         3,FIXRITE PANGLAO               ,FIXRITE PANGLAO-ADMIN                             ,FAACQ               
FAD-0120-0011317000003   ,HIK VISION BULLET IP CAMERA 4MP MM (HWI-BI40)               ,      2800.00,03/05/2025,STR. EQPT.          ,CAMERA                                            ,         3,FIXRITE PANGLAO               ,FIXRITE PANGLAO-ADMIN                             ,FAACQ               
FAD-0120-0011317000004   ,HIK VISION BULLET IP CAMERA 4MP MM (HWI-BI40)               ,      2800.00,03/05/2025,STR. EQPT.          ,CAMERA                                            ,         3,FIXRITE PANGLAO               ,FIXRITE PANGLAO-ADMIN                             ,FAACQ               
FAD-0120-0010115200001   ,WINE & MILK COUNTER 60 X 200 X 85H                          ,     40000.00,04/01/2025,FUR. & FIXT.        ,COUNTER                                           ,         3,FIXRITE PANGLAO               ,FIXRITE PANGLAO-ADMIN                             ,FAACQ               
FAD-0120-0002273400002   ,METTLER TOLEDO LABEL PRINTING SCALE                         ,     64285.71,05/01/2025,STR. EQPT.          ,WEIGHING SCALE                                    ,         3,FIXRITE PANGLAO               ,FIXRITE PANGLAO-ADMIN                             ,FAACQ               
FAD-0120-0011401500001   ,COFTA BENCH WHITE CHAIR 4'S                                 ,      3481.25,06/12/2025,FUR. & FIXT.        ,BENCH                                             ,         5,FIXRITE PANGLAO               ,FIXRITE PANGLAO-ADMIN                             ,FAACQ               
FAD-0120-0011401500002   ,COFTA BENCH WHITE CHAIR 4'S                                 ,      3481.25,06/12/2025,FUR. & FIXT.        ,BENCH                                             ,         5,FIXRITE PANGLAO               ,FIXRITE PANGLAO-ADMIN                             ,FAACQ               
FAD-0120-0011556700001   ,ELCO EVAPORATOR FAN MOTOR 10/38W                            ,      1607.14,07/07/2025,MACH. & EQPT.       ,EVAPORATOR                                        ,         5,FIXRITE PANGLAO               ,FIXRITE PANGLAO-ENGINEERING                       ,FAACQ               
FAD-0120-0011556700002   ,ELCO EVAPORATOR FAN MOTOR 10/38W                            ,      1607.14,07/07/2025,MACH. & EQPT.       ,EVAPORATOR                                        ,         5,FIXRITE PANGLAO               ,FIXRITE PANGLAO-ENGINEERING                       ,FAACQ               
FAD-0120-0011556700003   ,ELCO EVAPORATOR FAN MOTOR 10/38W                            ,      1607.14,07/07/2025,MACH. & EQPT.       ,EVAPORATOR                                        ,         5,FIXRITE PANGLAO               ,FIXRITE PANGLAO-ENGINEERING                       ,FAACQ               
FAD-0120-0011556700004   ,ELCO EVAPORATOR FAN MOTOR 10/38W                            ,      1607.14,07/07/2025,MACH. & EQPT.       ,EVAPORATOR                                        ,         5,FIXRITE PANGLAO               ,FIXRITE PANGLAO-ENGINEERING                       ,FAACQ               
FAD-0120-0011556700005   ,ELCO EVAPORATOR FAN MOTOR 10/38W                            ,      1607.14,07/07/2025,MACH. & EQPT.       ,EVAPORATOR                                        ,         5,FIXRITE PANGLAO               ,FIXRITE PANGLAO-ENGINEERING                       ,FAACQ               
FAD-0120-0011402200001   ,4MP 4MM BULLET TYPE IP CAMERA (HWI-B140 HIKVISION)          ,      2400.00,08/01/2025,STR. EQPT.          ,CAMERA                                            ,         3,FIXRITE PANGLAO               ,FIXRITE PANGLAO-ADMIN                             ,FAACQ               
FAD-0120-0011402200002   ,4MP 4MM BULLET TYPE IP CAMERA (HWI-B140 HIKVISION)          ,      2400.00,08/01/2025,STR. EQPT.          ,CAMERA                                            ,         3,FIXRITE PANGLAO               ,FIXRITE PANGLAO-ADMIN                             ,FAACQ               
FAD-0120-0011402200003   ,4MP 4MM BULLET TYPE IP CAMERA (HWI-B140 HIKVISION)          ,      2400.00,08/01/2025,STR. EQPT.          ,CAMERA                                            ,         3,FIXRITE PANGLAO               ,FIXRITE PANGLAO-ADMIN                             ,FAACQ               
FAD-0120-0011402200004   ,4MP 4MM BULLET TYPE IP CAMERA (HWI-B140 HIKVISION)          ,      2400.00,08/01/2025,STR. EQPT.          ,CAMERA                                            ,         3,FIXRITE PANGLAO               ,FIXRITE PANGLAO-ADMIN                             ,FAACQ               
FAD-0120-0011402200005   ,4MP 4MM BULLET TYPE IP CAMERA (HWI-B140 HIKVISION)          ,      2400.00,08/01/2025,STR. EQPT.          ,CAMERA                                            ,         3,FIXRITE PANGLAO               ,FIXRITE PANGLAO-ADMIN                             ,FAACQ               
FAD-0120-0011402200006   ,4MP 4MM BULLET TYPE IP CAMERA (HWI-B140 HIKVISION)          ,      2400.00,08/01/2025,STR. EQPT.          ,CAMERA                                            ,         3,FIXRITE PANGLAO               ,FIXRITE PANGLAO-ADMIN                             ,FAACQ               
FAD-0120-0011402200007   ,4MP 4MM BULLET TYPE IP CAMERA (HWI-B140 HIKVISION)          ,      2400.00,08/01/2025,STR. EQPT.          ,CAMERA                                            ,         3,FIXRITE PANGLAO               ,FIXRITE PANGLAO-ADMIN                             ,FAACQ               
FAD-0120-0011403200001   ,10 PORTS POE SWITCH (RG-S2915-10GT2MS-P-L RUIJIE)           ,     13800.00,08/01/2025,OFF. EQPT.          ,SWITCH                                            ,         3,FIXRITE PANGLAO               ,FIXRITE PANGLAO-ADMIN                             ,FAACQ               
FAD-0120-0011403400001   ,24 PORTS POE SWITCH (DS-3E0528HP-E HIKVISION)               ,     17299.11,08/01/2025,OFF. EQPT.          ,SWITCH                                            ,         3,FIXRITE PANGLAO               ,FIXRITE PANGLAO-ADMIN                             ,FAACQ               
FAD-0120-0011404800001   ,CAT. 6 UTP CABLE. 4 PAIRS INDOOR                            ,      6244.64,08/01/2025,                    ,SUPPLIES                                          ,         0,FIXRITE PANGLAO               ,FIXRITE PANGLAO-ADMIN                             ,FAACQ               
FAD-0120-0011404800002   ,CAT. 6 UTP CABLE. 4 PAIRS INDOOR                            ,      6244.64,08/01/2025,                    ,SUPPLIES                                          ,         0,FIXRITE PANGLAO               ,FIXRITE PANGLAO-ADMIN                             ,FAACQ               
FAD-0120-0011404800003   ,CAT. 6 UTP CABLE. 4 PAIRS INDOOR                            ,      6244.64,08/01/2025,                    ,SUPPLIES                                          ,         0,FIXRITE PANGLAO               ,FIXRITE PANGLAO-ADMIN                             ,FAACQ               
FAD-0120-0011404800004   ,CAT. 6 UTP CABLE. 4 PAIRS INDOOR                            ,      6244.64,08/01/2025,                    ,SUPPLIES                                          ,         0,FIXRITE PANGLAO               ,FIXRITE PANGLAO-ADMIN                             ,FAACQ               
FAD-0120-0011404800005   ,CAT. 6 UTP CABLE. 4 PAIRS INDOOR                            ,      6244.64,08/01/2025,                    ,SUPPLIES                                          ,         0,FIXRITE PANGLAO               ,FIXRITE PANGLAO-ADMIN                             ,FAACQ               
FAD-0120-0011546100001   ,4MP 2.8MM BULLET TYPE IP CAMERA (DS-2CD2047G2-LU            ,      6550.00,08/01/2025,STR. EQPT.          ,CAMERA                                            ,         3,FIXRITE PANGLAO               ,FIXRITE PANGLAO-ADMIN                             ,FAACQ               
FAD-0120-0011546100002   ,4MP 2.8MM BULLET TYPE IP CAMERA (DS-2CD2047G2-LU            ,      6550.00,08/01/2025,STR. EQPT.          ,CAMERA                                            ,         3,FIXRITE PANGLAO               ,FIXRITE PANGLAO-ADMIN                             ,FAACQ               
FAD-0120-0011546100003   ,4MP 2.8MM BULLET TYPE IP CAMERA (DS-2CD2047G2-LU            ,      6550.00,08/01/2025,STR. EQPT.          ,CAMERA                                            ,         3,FIXRITE PANGLAO               ,FIXRITE PANGLAO-ADMIN                             ,FAACQ               
FAD-0120-0011546100004   ,4MP 2.8MM BULLET TYPE IP CAMERA (DS-2CD2047G2-LU            ,      6550.00,08/01/2025,STR. EQPT.          ,CAMERA                                            ,         3,FIXRITE PANGLAO               ,FIXRITE PANGLAO-ADMIN                             ,FAACQ               
FAD-0120-0010242200001   ,4MP 4MM DOME TYPE IP CAMERA (DS-2CD2143G2-IU                ,      4200.00,08/02/2025,STR. EQPT.          ,CAMERA                                            ,         3,FIXRITE PANGLAO               ,FIXRITE PANGLAO-ADMIN                             ,FAACQ               
FAD-0120-0010242200002   ,4MP 4MM DOME TYPE IP CAMERA (DS-2CD2143G2-IU                ,      4200.00,08/02/2025,STR. EQPT.          ,CAMERA                                            ,         3,FIXRITE PANGLAO               ,FIXRITE PANGLAO-ADMIN                             ,FAACQ               
FAD-0120-0010242200003   ,4MP 4MM DOME TYPE IP CAMERA (DS-2CD2143G2-IU                ,      4200.00,08/02/2025,STR. EQPT.          ,CAMERA                                            ,         3,FIXRITE PANGLAO               ,FIXRITE PANGLAO-ADMIN                             ,FAACQ               
FAD-0120-0010242200004   ,4MP 4MM DOME TYPE IP CAMERA (DS-2CD2143G2-IU                ,      4200.00,08/02/2025,STR. EQPT.          ,CAMERA                                            ,         3,FIXRITE PANGLAO               ,FIXRITE PANGLAO-ADMIN                             ,FAACQ               
FAD-0120-0010242200005   ,4MP 4MM DOME TYPE IP CAMERA (DS-2CD2143G2-IU                ,      4200.00,08/02/2025,STR. EQPT.          ,CAMERA                                            ,         3,FIXRITE PANGLAO               ,FIXRITE PANGLAO-ADMIN                             ,FAACQ               
FAD-0120-0010242200006   ,4MP 4MM DOME TYPE IP CAMERA (DS-2CD2143G2-IU                ,      4200.00,08/02/2025,STR. EQPT.          ,CAMERA                                            ,         3,FIXRITE PANGLAO               ,FIXRITE PANGLAO-ADMIN                             ,FAACQ               
FAD-0120-0010242200007   ,4MP 4MM DOME TYPE IP CAMERA (DS-2CD2143G2-IU                ,      4200.00,08/02/2025,STR. EQPT.          ,CAMERA                                            ,         3,FIXRITE PANGLAO               ,FIXRITE PANGLAO-ADMIN                             ,FAACQ               
FAD-0120-0010242200008   ,4MP 4MM DOME TYPE IP CAMERA (DS-2CD2143G2-IU                ,      4200.00,08/02/2025,STR. EQPT.          ,CAMERA                                            ,         3,FIXRITE PANGLAO               ,FIXRITE PANGLAO-ADMIN                             ,FAACQ               
FAD-0120-0010243400001   ,MODULAR CRIMPER(FLUKE NETWORKS)                             ,      5150.00,08/02/2025,STR. EQPT.          ,TOOLS                                             ,         3,FIXRITE PANGLAO               ,FIXRITE PANGLAO-ADMIN                             ,FAACQ               
FAD-0120-0011403600001   ,NVR 16 CHANNEL 4K 4 SLOT HDD                                ,     13750.00,08/02/2025,STR. EQPT.          ,HUB                                               ,         3,FIXRITE PANGLAO               ,FIXRITE PANGLAO-ADMIN                             ,FAACQ               
FAD-0120-0011403600002   ,NVR 16 CHANNEL 4K 4 SLOT HDD                                ,     13750.00,08/02/2025,STR. EQPT.          ,HUB                                               ,         3,FIXRITE PANGLAO               ,FIXRITE PANGLAO-ADMIN                             ,FAACQ               
FAD-0120-0011404100001   ,42.5 CCTV MONITOR (DS-D5403UC HIK VISION)                   ,     29750.00,08/02/2025,OFF. EQPT.          ,MONITOR                                           ,         3,FIXRITE PANGLAO               ,FIXRITE PANGLAO-ADMIN                             ,FAACQ               
FAD-0120-0011404100002   ,42.5 CCTV MONITOR (DS-D5403UC HIK VISION)                   ,     29750.00,08/02/2025,OFF. EQPT.          ,MONITOR                                           ,         3,FIXRITE PANGLAO               ,FIXRITE PANGLAO-ADMIN                             ,FAACQ               
FAD-0120-0011404200001   ,TONE GENERATOR PRO KIT                                      ,     13750.00,08/02/2025,FUR. & FIXT.        ,OTHERS                                            ,         2,FIXRITE PANGLAO               ,FIXRITE PANGLAO-ADMIN                             ,FAACQ               
FAD-0120-0011404300001   ,VDV500-920 KLEIN TOOLS COMPATIBLE HARD CASE                 ,      1800.00,08/02/2025,STR. EQPT.          ,TOOLS                                             ,         3,FIXRITE PANGLAO               ,FIXRITE PANGLAO-ADMIN                             ,FAACQ               
FAD-0120-0011404400001   ,JUNCTION BOX (DS-1280ZJ-DM8 HIKVISION)                      ,      1775.00,08/02/2025,STR. EQPT.          ,BOX                                               ,         2,FIXRITE PANGLAO               ,FIXRITE PANGLAO-ADMIN                             ,FAACQ               
FAD-0120-0011404400002   ,JUNCTION BOX (DS-1280ZJ-DM8 HIKVISION)                      ,      1775.00,08/02/2025,STR. EQPT.          ,BOX                                               ,         2,FIXRITE PANGLAO               ,FIXRITE PANGLAO-ADMIN                             ,FAACQ               
FAD-0120-0011404400003   ,JUNCTION BOX (DS-1280ZJ-DM8 HIKVISION)                      ,      1775.00,08/02/2025,STR. EQPT.          ,BOX                                               ,         2,FIXRITE PANGLAO               ,FIXRITE PANGLAO-ADMIN                             ,FAACQ               
FAD-0120-0011404400004   ,JUNCTION BOX (DS-1280ZJ-DM8 HIKVISION)                      ,      1775.00,08/02/2025,STR. EQPT.          ,BOX                                               ,         2,FIXRITE PANGLAO               ,FIXRITE PANGLAO-ADMIN                             ,FAACQ               
FAD-0120-0011404400005   ,JUNCTION BOX (DS-1280ZJ-DM8 HIKVISION)                      ,      1775.00,08/02/2025,STR. EQPT.          ,BOX                                               ,         2,FIXRITE PANGLAO               ,FIXRITE PANGLAO-ADMIN                             ,FAACQ               
FAD-0120-0011404400006   ,JUNCTION BOX (DS-1280ZJ-DM8 HIKVISION)                      ,      1775.00,08/02/2025,STR. EQPT.          ,BOX                                               ,         2,FIXRITE PANGLAO               ,FIXRITE PANGLAO-ADMIN                             ,FAACQ               
FAD-0120-0011404400007   ,JUNCTION BOX (DS-1280ZJ-DM8 HIKVISION)                      ,      1775.00,08/02/2025,STR. EQPT.          ,BOX                                               ,         2,FIXRITE PANGLAO               ,FIXRITE PANGLAO-ADMIN                             ,FAACQ               
FAD-0120-0009733200001   ,MITS. FUSO FJ2828R CS#:EZ278B                               ,   3464285.71,01/16/2026,TRNS. EQPT.         ,VEHICLE                                           ,        10,FIXRITE PANGLAO               ,FIXRITE PANGLAO-LOGISTICS                         ,FAACQ               
FAD-0120-0001175300001   ,SPINE BOARD                                                 ,      4700.00,04/06/2026,FUR. & FIXT.        ,OTHERS                                            ,         3,FIXRITE PANGLAO               ,FIXRITE PANGLAO-ADMIN                             ,FAACQ               
FAD-0120-0012994200001   ,RIDGID K-60 SECTIONAL MACHINE                               ,    157142.86,04/06/2026,MACH. & EQPT.       ,MACHINE TOOLS                                     ,         5,FIXRITE PANGLAO               ,FIXRITE PANGLAO-ENGINEERING                       ,FAACQ               
FAD-0120-0000408400001   ,WHEEL CHAIR                                                 ,      4500.00,04/27/2026,FUR. & FIXT.        ,CHAIR                                             ,         3,FIXRITE PANGLAO               ,FIXRITE PANGLAO-ADMIN                             ,FAACQ               
FAD-0120-0013181100001   ,CATERPILLAR ELECTRIC GEN SET                                ,   3983928.57,05/29/2026,MACH. & EQPT.       ,GENERATOR                                         ,         5,FIXRITE PANGLAO               ,FIXRITE PANGLAO-ENGINEERING                       ,FAACQ               
FAD-0120-0010074500001   ,CARRIER A/C WCARJ012EEV 1.5HP                               ,     26607.14,06/08/2026,STR. EQPT.          ,AIRCON                                            ,         5,FIXRITE PANGLAO               ,FIXRITE PANGLAO-ADMIN                             ,FAACQ               
FAD-0120-0013434800001   ,FCU/ACCU-1 42CAC018-1/38CAC018-1 2.0HP                      ,     39591.92,07/16/2026,MACH. & EQPT.       ,AIRCON                                            ,         5,FIXRITE PANGLAO               ,FIXRITE PANGLAO-ADMIN                             ,FAACQ               
FAD-0120-0013434800002   ,FCU/ACCU-1 42CAC018-1/38CAC018-1 2.0HP                      ,     39591.92,07/16/2026,MACH. & EQPT.       ,AIRCON                                            ,         5,FIXRITE PANGLAO               ,FIXRITE PANGLAO-ADMIN                             ,FAACQ               
FAD-0120-0013434800003   ,FCU/ACCU-1 42CAC018-1/38CAC018-1 2.0HP                      ,     39591.92,07/16/2026,MACH. & EQPT.       ,AIRCON                                            ,         5,FIXRITE PANGLAO               ,FIXRITE PANGLAO-ADMIN                             ,FAACQ               
FAD-0120-0013434900001   ,FCU/ACCU-2 42CAC009-1/38CAC009-1 1.0HP                      ,     30186.94,07/16/2026,MACH. & EQPT.       ,AIRCON                                            ,         5,FIXRITE PANGLAO               ,FIXRITE PANGLAO-ADMIN                             ,FAACQ               
FAD-0120-0013434900002   ,FCU/ACCU-2 42CAC009-1/38CAC009-1 1.0HP                      ,     30186.94,07/16/2026,MACH. & EQPT.       ,AIRCON                                            ,         5,FIXRITE PANGLAO               ,FIXRITE PANGLAO-ADMIN                             ,FAACQ               
FAD-0120-0013434900003   ,FCU/ACCU-2 42CAC009-1/38CAC009-1 1.0HP                      ,     30186.94,07/16/2026,MACH. & EQPT.       ,AIRCON                                            ,         5,FIXRITE PANGLAO               ,FIXRITE PANGLAO-ADMIN                             ,FAACQ               
FAD-0120-0013435000001   ,FCU/ACCU-3 42DFE06/38ASD06-1 2 5TR                          ,    127270.57,07/16/2026,MACH. & EQPT.       ,AIRCON                                            ,         5,FIXRITE PANGLAO               ,FIXRITE PANGLAO-ADMIN                             ,FAACQ               
FAD-0120-0013144300001   ,RS2423RP+ (HARD DISK)                                       ,     20089.29,08/05/2026,OFF. EQPT.          ,OTHERS                                            ,         3,FIXRITE PANGLAO               ,FIXRITE PANGLAO-INFORMATION TECHNOLOGY            ,FAACQ               
FAD-0120-0013144300002   ,RS2423RP+ (HARD DISK)                                       ,     20089.29,08/05/2026,OFF. EQPT.          ,OTHERS                                            ,         3,FIXRITE PANGLAO               ,FIXRITE PANGLAO-INFORMATION TECHNOLOGY            ,FAACQ               
FAD-0120-0013144300003   ,RS2423RP+ (HARD DISK)                                       ,     20089.29,08/05/2026,OFF. EQPT.          ,OTHERS                                            ,         3,FIXRITE PANGLAO               ,FIXRITE PANGLAO-INFORMATION TECHNOLOGY            ,FAACQ               
FAD-0120-0013144300004   ,RS2423RP+ (HARD DISK)                                       ,     20089.29,08/05/2026,OFF. EQPT.          ,OTHERS                                            ,         3,FIXRITE PANGLAO               ,FIXRITE PANGLAO-INFORMATION TECHNOLOGY            ,FAACQ               
FAD-0120-0013144300005   ,RS2423RP+ (HARD DISK)                                       ,     20089.29,08/05/2026,OFF. EQPT.          ,OTHERS                                            ,         3,FIXRITE PANGLAO               ,FIXRITE PANGLAO-INFORMATION TECHNOLOGY            ,FAACQ               
FAD-0120-0013144300006   ,RS2423RP+ (HARD DISK)                                       ,     20089.29,08/05/2026,OFF. EQPT.          ,OTHERS                                            ,         3,FIXRITE PANGLAO               ,FIXRITE PANGLAO-INFORMATION TECHNOLOGY            ,FAACQ               
FAD-0120-0013660400001   ,TSDI-82100-42 HIGH DENSITY NETWORK RACK                     ,     54864.75,08/12/2026,FUR. & FIXT.        ,RACK                                              ,        10,FIXRITE PANGLAO               ,FIXRITE PANGLAO-INFORMATION TECHNOLOGY            ,FAACQ               
FAD-0120-0013660600001   ,LNS SERIES NETWORK CABINET TSDI-61100-42-LNS                ,     45965.04,08/12/2026,FUR. & FIXT.        ,CABINET-STEEL                                     ,        10,FIXRITE PANGLAO               ,FIXRITE PANGLAO-INFORMATION TECHNOLOGY            ,FAACQ               
FAD-0120-0013660900001   ,ADJUSTABLE RACK SHELVES TSDI-D6100                          ,      3048.33,08/12/2026,FUR. & FIXT.        ,SHELVES                                           ,        10,FIXRITE PANGLAO               ,FIXRITE PANGLAO-INFORMATION TECHNOLOGY            ,FAACQ               
FAD-0120-0013660900002   ,ADJUSTABLE RACK SHELVES TSDI-D6100                          ,      3048.33,08/12/2026,FUR. & FIXT.        ,SHELVES                                           ,        10,FIXRITE PANGLAO               ,FIXRITE PANGLAO-INFORMATION TECHNOLOGY            ,FAACQ               
FAD-0120-0013660900003   ,ADJUSTABLE RACK SHELVES TSDI-D6100                          ,      3048.33,08/12/2026,FUR. & FIXT.        ,SHELVES                                           ,        10,FIXRITE PANGLAO               ,FIXRITE PANGLAO-INFORMATION TECHNOLOGY            ,FAACQ               
FAD-0120-0013660900004   ,ADJUSTABLE RACK SHELVES TSDI-D6100                          ,      3048.33,08/12/2026,FUR. & FIXT.        ,SHELVES                                           ,        10,FIXRITE PANGLAO               ,FIXRITE PANGLAO-INFORMATION TECHNOLOGY            ,FAACQ               
FAD-0120-0013660900005   ,ADJUSTABLE RACK SHELVES TSDI-D6100                          ,      3048.33,08/12/2026,FUR. & FIXT.        ,SHELVES                                           ,        10,FIXRITE PANGLAO               ,FIXRITE PANGLAO-INFORMATION TECHNOLOGY            ,FAACQ               
FAD-0120-0013342000001   ,CHUWI COREBOX (INTEL CORE I5-12450H 16GB SODIMM             ,     39107.41,09/07/2026,OFF. EQPT.          ,COMPUTER                                          ,         3,FIXRITE PANGLAO               ,FIXRITE PANGLAO-GROCERY CHECK OUT COUNTER         ,FAACQ               
FAD-0120-0013342000002   ,CHUWI COREBOX (INTEL CORE I5-12450H 16GB SODIMM             ,     39107.41,09/07/2026,OFF. EQPT.          ,COMPUTER                                          ,         3,FIXRITE PANGLAO               ,FIXRITE PANGLAO-GROCERY CHECK OUT COUNTER         ,FAACQ               
FAD-0120-0013342000003   ,CHUWI COREBOX (INTEL CORE I5-12450H 16GB SODIMM             ,     39107.41,09/07/2026,OFF. EQPT.          ,COMPUTER                                          ,         3,FIXRITE PANGLAO               ,FIXRITE PANGLAO-GROCERY CHECK OUT COUNTER         ,FAACQ               
FAD-0120-0013342000004   ,CHUWI COREBOX (INTEL CORE I5-12450H 16GB SODIMM             ,     39107.41,09/07/2026,OFF. EQPT.          ,COMPUTER                                          ,         3,FIXRITE PANGLAO               ,FIXRITE PANGLAO-GROCERY CHECK OUT COUNTER         ,FAACQ               
FAD-0120-0013342000005   ,CHUWI COREBOX (INTEL CORE I5-12450H 16GB SODIMM             ,     39107.41,09/07/2026,OFF. EQPT.          ,COMPUTER                                          ,         3,FIXRITE PANGLAO               ,FIXRITE PANGLAO-GROCERY CHECK OUT COUNTER         ,FAACQ               
FAD-0120-0013342000006   ,CHUWI COREBOX (INTEL CORE I5-12450H 16GB SODIMM             ,     39107.41,09/07/2026,OFF. EQPT.          ,COMPUTER                                          ,         3,FIXRITE PANGLAO               ,FIXRITE PANGLAO-GROCERY CHECK OUT COUNTER         ,FAACQ               
FAD-0120-0013342000007   ,CHUWI COREBOX (INTEL CORE I5-12450H 16GB SODIMM             ,     39107.41,09/07/2026,OFF. EQPT.          ,COMPUTER                                          ,         3,FIXRITE PANGLAO               ,FIXRITE PANGLAO-GROCERY CHECK OUT COUNTER         ,FAACQ               
FAD-0120-0013342000008   ,CHUWI COREBOX (INTEL CORE I5-12450H 16GB SODIMM             ,     39107.41,09/07/2026,OFF. EQPT.          ,COMPUTER                                          ,         3,FIXRITE PANGLAO               ,FIXRITE PANGLAO-GROCERY CHECK OUT COUNTER         ,FAACQ               
FAD-0120-0013342000009   ,CHUWI COREBOX (INTEL CORE I5-12450H 16GB SODIMM             ,     39107.41,09/07/2026,OFF. EQPT.          ,COMPUTER                                          ,         3,FIXRITE PANGLAO               ,FIXRITE PANGLAO-GROCERY CHECK OUT COUNTER         ,FAACQ               
FAD-0120-0013342000010   ,CHUWI COREBOX (INTEL CORE I5-12450H 16GB SODIMM             ,     39107.41,09/07/2026,OFF. EQPT.          ,COMPUTER                                          ,         3,FIXRITE PANGLAO               ,FIXRITE PANGLAO-GROCERY CHECK OUT COUNTER         ,FAACQ               
FAD-0120-0013342000011   ,CHUWI COREBOX (INTEL CORE I5-12450H 16GB SODIMM             ,     39107.41,09/07/2026,OFF. EQPT.          ,COMPUTER                                          ,         3,FIXRITE PANGLAO               ,FIXRITE PANGLAO-GROCERY CHECK OUT COUNTER         ,FAACQ               
FAD-0120-0013342000012   ,CHUWI COREBOX (INTEL CORE I5-12450H 16GB SODIMM             ,     39107.41,09/07/2026,OFF. EQPT.          ,COMPUTER                                          ,         3,FIXRITE PANGLAO               ,FIXRITE PANGLAO-GROCERY CHECK OUT COUNTER         ,FAACQ               
FAD-0120-0013342000013   ,CHUWI COREBOX (INTEL CORE I5-12450H 16GB SODIMM             ,     39107.41,09/07/2026,OFF. EQPT.          ,COMPUTER                                          ,         3,FIXRITE PANGLAO               ,FIXRITE PANGLAO-GROCERY CHECK OUT COUNTER         ,FAACQ               
FAD-0120-0013342000014   ,CHUWI COREBOX (INTEL CORE I5-12450H 16GB SODIMM             ,     39107.41,09/07/2026,OFF. EQPT.          ,COMPUTER                                          ,         3,FIXRITE PANGLAO               ,FIXRITE PANGLAO-GROCERY CHECK OUT COUNTER         ,FAACQ               
FAD-0120-0013342000015   ,CHUWI COREBOX (INTEL CORE I5-12450H 16GB SODIMM             ,     39107.41,09/07/2026,OFF. EQPT.          ,COMPUTER                                          ,         3,FIXRITE PANGLAO               ,FIXRITE PANGLAO-GROCERY CHECK OUT COUNTER         ,FAACQ               
